<?xml version="1.0" encoding="UTF-8" ?>
<beans xmlns="http://www.springframework.org/schema/beans"
	xmlns:xsi="http://www.w3.org/2001/XMLSchema-instance" xmlns:tx="http://www.springframework.org/schema/tx"
	xmlns:aop="http://www.springframework.org/schema/aop"
	xmlns:context="http://www.springframework.org/schema/context"
    xmlns:p="http://www.springframework.org/schema/p"
	xsi:schemaLocation="http://www.springframework.org/schema/beans http://www.springframework.org/schema/beans/spring-beans-4.0.xsd
    http://www.springframework.org/schema/tx http://www.springframework.org/schema/tx/spring-tx-4.0.xsd
    http://www.springframework.org/schema/context http://www.springframework.org/schema/context/spring-context-4.0.xsd
    http://www.springframework.org/schema/aop http://www.springframework.org/schema/aop/spring-aop-4.0.xsd">
   <!-- 扫描com.smart.service包下所有标注@Service的服务组件 -->
    <context:component-scan base-package="com.smart.service"/>
	<bean id="transactionManager"
		  class="org.springframework.orm.hibernate4.HibernateTransactionManager"
		  p:sessionFactory-ref="sessionFactory" />
     
    <!--使用强大的切点表达式语言轻松定义目标方法-->
	<aop:config>
	    <!--通过aop定义事务增强切面-->
		<aop:pointcut id="serviceMethod"
			expression="execution(* com.smart.service.*Service.*(..))" />
		 <!--引用事务增强-->
		<aop:advisor pointcut-ref="serviceMethod" advice-ref="txAdvice" />
	</aop:config>
	
	<!--事务增强-->
	<tx:advice id="txAdvice" transaction-manager="transactionManager">
		 <!--事务属性定义-->
		<tx:attributes>
			<tx:method name="*"/>
		</tx:attributes>
	</tx:advice>
    <!-- 基于EHCache的系统缓存管理器-->
    <bean id="cacheManager"
          class="org.springframework.cache.ehcache.EhCacheManagerFactoryBean"
          p:configLocation="classpath:ehcache.xml"/>
</beans>