<?xml version="1.0" encoding="UTF-8" ?>
<!DOCTYPE mapper PUBLIC "-//mybatis.org//DTD Mapper 3.0//EN"
"http://mybatis.org/dtd/mybatis-3-mapper.dtd">
<mapper namespace="com.smart.dao.mybatis.ForumMybatisDao">
	<select id="getForum" resultType="Forum" parameterType="int" >
		SELECT 
		 forum_id  forumId,
		 forum_name  forumName,
		 forum_desc  forumDesc
		FROM t_forum 
		WHERE forum_id = #{forumId}
   </select>
	<select id="getForumNum" resultType="int">
		SELECT COUNT(forum_id) FROM t_forum f
  </select>
	<select id="findForumByName" resultType="Forum" parameterType="string">
		SELECT 
		 forum_id  forumId,
		 forum_name  forumName,
		 forum_desc  forumDesc
		FROM t_forum f
		WHERE f.forum_name LIKE #{forumName}
  </select>
 <insert id="addForum" parameterType="Forum">
		INSERT INTO t_forum(forum_id,forum_name,forum_desc)
		VALUES(#{forumId},#{forumName}, #{forumDesc})
  </insert>
  <update id="updateForum" parameterType="Forum">
		UPDATE t_forum f
		SET forum_name=#{forumName},forum_desc=#{forumDesc}
		WHERE f.forum_id = #{forumId}
  </update>
</mapper>
