<?xml version="1.0" encoding="UTF-8"?>
<web-app xmlns:xsi="http://www.w3.org/2001/XMLSchema-instance"
	xmlns="http://java.sun.com/xml/ns/javaee" xmlns:web="http://java.sun.com/xml/ns/javaee/web-app_2_5.xsd"
	xsi:schemaLocation="http://java.sun.com/xml/ns/javaee http://java.sun.com/xml/ns/javaee/web-app_2_5.xsd"
	id="WebApp_ID" version="2.5">
	<display-name>smart</display-name>
	<servlet-mapping>
		<servlet-name>default</servlet-name>
		<url-pattern>/static/*</url-pattern>
	</servlet-mapping>
    <context-param>
        <param-name>contextConfigLocation</param-name>
        <param-value>
            /WEB-INF/classes/applicationContext.xml
        </param-value>
    </context-param>	
	<context-param> 
		<param-name>log4jConfigLocation</param-name>
		<param-value>/WEB-INF/classes/log4j.properties</param-value>
	</context-param>
	<filter>
		<filter-name>characterEncodingFilter</filter-name>
		<filter-class>org.springframework.web.filter.CharacterEncodingFilter</filter-class>
		<init-param>
			<param-name>encoding</param-name>
			<param-value>UTF-8</param-value>
		</init-param>
		<init-param>
			<param-name>forceEncoding</param-name>
			<param-value>true</param-value>
		</init-param>
	</filter>

	<listener>
		<listener-class>org.springframework.web.context.ContextLoaderListener</listener-class>
	</listener>
	<listener>
		<listener-class>org.springframework.web.util.Log4jConfigListener</listener-class>
	</listener>

	<servlet>
		<servlet-name>smart</servlet-name>
		<servlet-class>org.springframework.web.servlet.DispatcherServlet</servlet-class>
		<load-on-startup>1</load-on-startup>
	</servlet>
	<filter>
		<filter-name>UrlRewriteFilter</filter-name>
		<filter-class>org.tuckey.web.filters.urlrewrite.UrlRewriteFilter</filter-class>
		<init-param>
			<param-name>confReloadCheckInterval</param-name>
			<param-value>60</param-value>
		</init-param>
		<init-param>
			<param-name>logLevel</param-name>
			<param-value>ERROR</param-value>
		</init-param>
	</filter>
	<filter>
		<filter-name>HiddenHttpMethodFilter</filter-name>
		<filter-class>org.springframework.web.filter.HiddenHttpMethodFilter</filter-class>
	</filter>
	<filter-mapping>
		<filter-name>UrlRewriteFilter</filter-name>
		<url-pattern>/*</url-pattern>
	</filter-mapping>
	<filter-mapping>
		<filter-name>HiddenHttpMethodFilter</filter-name>
		<servlet-name>smart</servlet-name>
	</filter-mapping>
	<servlet-mapping>
		<servlet-name>smart</servlet-name>
		<url-pattern>/</url-pattern>
	</servlet-mapping>
	<welcome-file-list>
		<welcome-file>index.html</welcome-file>
	</welcome-file-list>
</web-app>